index,site_id,lon,lat,notes,stream_width_m,basin_size_km2,figure_table,id,mass_type,mass_units,acsp,aisp,eph_sp,ple_sp,tri_sp,chi_sp,other_sp
193,Iversen_1988_RoldKilde,9.883,56.767,Double check values; paper reports inconsistent values and units?,NA,NA,NA,1,AFDM,mg,NA,3088.888888888889,2244.4444444444443,644.4444444444445,NA,NA,200
38,Gaines_EtAl_1992_DouglasCreek,-120,47.61,Values as dry mass (not ash free). Chironomus (not Chironomidae),NA,530,NA,2,DM,mg,NA,23219,884,183,2550,4920,4482
39,Gaines_EtAl_1992_RattlesnakeSprings,-119.72,46.46,NA,NA,350,NA,3,DM,mg,NA,16356,2554,NA,735,489,12570
40,Gaines_EtAl_1992_SnivelySprings,-119.79,46.49,NA,NA,40,NA,4,DM,mg,NA,14154,7077,NA,1300,1390,4387
120,Walther_Whiles_2011_BC1_Yr1,-89.16,37.41,AFDM,6.4,NA,NA,5,AFDM,mg,57975.555555555555,NA,NA,NA,NA,NA,NA
121,Walther_Whiles_2011_BC1_Yr2,-89.16,37.41,No direct data on insects,6.4,NA,NA,6,NA,NA,NA,NA,NA,NA,NA,NA,NA
122,Walther_Whiles_2011_BC2_Yr1,-89.15,37.4,No direct data on insects,4.6,NA,NA,7,NA,NA,NA,NA,NA,NA,NA,NA,NA
123,Walther_Whiles_2011_BC2_Yr2,-89.15,37.4,No direct data on insects,4.6,NA,NA,8,NA,NA,NA,NA,NA,NA,NA,NA,NA
219,Stead_EtAl_2005_LoneOak,0.1,51.075,Dry Weight,3,NA,NA,9,DM,mg,5220,2450,70,850,460,850,230
88,Neves_1979_FactoryBrook,-73.03,42.34,Cant access the pdf,NA,NA,NA,10,NA,NA,NA,NA,NA,NA,NA,NA,NA
42,Griffith_EtAl_1994_FernowExperimentalForest_WS3,-79.68,39.05,No chironomids,2,NA,NA,11,DM,mg,2061,1666.2,38.400000000000006,440.3,470.8,NA,716.7
43,Griffith_EtAl_1994_FernowExperimentalForest_WS4,-79.68,39.05,NA,2,NA,NA,12,DM,mg,1557,1243.3000000000002,73.2,645.8000000000001,247.7,NA,276.6
44,Griffith_EtAl_1994_NorthForkHickmanSlideRun,-79.66,39.32,NA,2,NA,NA,13,DM,mg,3772,888,79.2,260.09999999999997,83.5,NA,465.20000000000005
45,Griffith_EtAl_1994_SouthForkRedRun,-79.513,39.053,NA,2.7,NA,NA,14,DM,mg,1189,1060.6000000000001,60.7,906.8000000000001,90.7,NA,2.4
148,Jackson_Fisher_1986_SycamoreCreek,-111.5,33.75,NA,NA,NA,NA,15,DM,mg,NA,129900,55600,NA,1390,5830,NA
213,Ramirez_Pringle_1998_Sabalo,-84.017,10.433,Size-Freq method. Habitat-weighted. Tropical. Only 8 taxa with prod (20% of insect biomass),5,NA,NA,16,NA,NA,NA,NA,NA,NA,NA,NA,NA
NA,Ramirez_Pringle_1998_Sabalo,-84.017,10.433,Benke model method. Mean Riffle + Pool,5,NA,NA,17,NA,NA,NA,NA,NA,NA,NA,NA,NA
NA,Ramirez_Pringle_1998_Sabalo,-84.017,10.433,Total AISP combining both methods above.,NA,NA,NA,18,NA,NA,NA,NA,NA,NA,NA,NA,NA
132,Duffy_EtAl_1987_StMarysRiver_Michigan_MainChannel,-84.226,46.368,Could only find data from the lake,NA,NA,NA,19,NA,NA,NA,NA,NA,NA,NA,NA,NA
58,Hall_EtAl_2001_BearBrook,-71.72,43.94,NA,NA,NA,NA,20,AFDM,mg,NA,NA,941.888888888889,1353.888888888889,924.2222222222222,546.5555555555555,698.9
59,Hall_EtAl_2001_HubbardBrook,-71.69,43.93,NA,NA,NA,NA,21,AFDM,mg,NA,NA,992.6666666666669,462.8888888888889,571.6666666666667,630.5555555555555,529.6666666666666
143,Voshell_1985_NewRiver,-80.886,37.646,NA,NA,NA,NA,22,NA,NA,NA,NA,NA,NA,NA,NA,NA
18,Cross_EtAl_2006_C53_Reference,-83.45,35.06,NA,NA,NA,NA,23,NA,NA,NA,NA,NA,NA,NA,NA,NA
19,Cross_EtAl_2006_C54_NP_Enriched,-83.44,35.06,NA,NA,NA,NA,24,NA,NA,NA,NA,NA,NA,NA,NA,NA
192,Huryn_1996_SuttonStream,170.32,-44.518,My results in adding up the prod.values are different from those on the paper,NA,NA,NA,25,AFDM,mg,18678.88888888889,15818.888888888889,2416.666666666667,1110,5595.555555555556,NA,2860
105,Vandermyde_Whiles_2015_K02A_Closed,-96.57,39.1,NA,NA,NA,NA,26,AFDM,mg,27980.44444444445,11901.555555555557,6552.111111111111,47.88888888888889,479.5555555555556,NA,16078.888888888892
106,Vandermyde_Whiles_2015_K02A_Open,-96.57,39.1,NA,NA,NA,NA,27,AFDM,mg,29325.44444444445,10097.555555555555,4680.222222222223,52.111111111111114,137.88888888888889,NA,19227.88888888889
107,Vandermyde_Whiles_2015_K02A_Removal,-96.57,39.1,NA,NA,NA,NA,28,AFDM,mg,19045.555555555555,9025.777777777777,3787.777777777778,123.77777777777779,297.22222222222223,NA,10019.777777777777
108,Vandermyde_Whiles_2015_N04D_Closed,-96.58,39.08,NA,NA,NA,NA,29,AFDM,mg,10864.444444444445,9780,4067.777777777778,96.00000000000001,376.11111111111114,NA,1084.4444444444446
109,Vandermyde_Whiles_2015_N04D_Open,-96.58,39.08,NA,NA,NA,NA,30,AFDM,mg,8137.777777777778,6824.444444444444,3104.444444444445,84.22222222222223,335.22222222222223,NA,1313.3333333333335
110,Vandermyde_Whiles_2015_N04D_Removal,-96.58,39.08,NA,NA,NA,NA,31,AFDM,mg,13625.555555555557,9779.888888888889,5629.888888888889,93.55555555555556,732.6666666666666,NA,3845.6666666666674
46,Grubaugh_EtAl_1997_BallCreek1_M1,-83.4,35.06,"table 7 has some taxonomic info in terms of relative contribution to production. But it only has the top 3 taxa. Columns only sum to ~85-95%. Hence, I did not try to estimate insect only production.",NA,NA,table 8,32,AFDM,g,6666.666666666667,NA,NA,NA,NA,NA,NA
46,Grubaugh_EtAl_1997_BallCreek1_S1,-83.4,35.06,"table 7 has some taxonomic info in terms of relative contribution to production. But it only has the top 3 taxa. Columns only sum to ~85-95%. Hence, I did not try to estimate insect only production.",NA,NA,NA,33,AFDM,g,6666.666666666667,NA,NA,NA,NA,NA,NA
46,Grubaugh_EtAl_1997_BallCreek2_M2,-83.4,35.06,"table 7 has some taxonomic info in terms of relative contribution to production. But it only has the top 3 taxa. Columns only sum to ~85-95%. Hence, I did not try to estimate insect only production.",NA,NA,NA,34,AFDM,g,5555.555555555556,NA,NA,NA,NA,NA,NA
46,Grubaugh_EtAl_1997_BallCreek2_S2,-83.4,35.06,"table 7 has some taxonomic info in terms of relative contribution to production. But it only has the top 3 taxa. Columns only sum to ~85-95%. Hence, I did not try to estimate insect only production.",NA,NA,NA,35,AFDM,g,8888.888888888889,NA,NA,NA,NA,NA,NA
46,Grubaugh_EtAl_1997_BallCreek3_M3,-83.4,35.06,"table 7 has some taxonomic info in terms of relative contribution to production. But it only has the top 3 taxa. Columns only sum to ~85-95%. Hence, I did not try to estimate insect only production.",NA,NA,NA,36,AFDM,g,14444.444444444445,NA,NA,NA,NA,NA,NA
46,Grubaugh_EtAl_1997_BallCreek3_S3,-83.4,35.06,"table 7 has some taxonomic info in terms of relative contribution to production. But it only has the top 3 taxa. Columns only sum to ~85-95%. Hence, I did not try to estimate insect only production.",NA,NA,NA,37,AFDM,g,5555.555555555556,NA,NA,NA,NA,NA,NA
46,Grubaugh_EtAl_1997_CoweetaCreek_M4,-83.4,35.06,"table 7 has some taxonomic info in terms of relative contribution to production. But it only has the top 3 taxa. Columns only sum to ~85-95%. Hence, I did not try to estimate insect only production.",NA,NA,NA,38,AFDM,g,23333.333333333336,NA,NA,NA,NA,NA,NA
46,Grubaugh_EtAl_1997_CoweetaCreek_M5,-83.4,35.06,"table 7 has some taxonomic info in terms of relative contribution to production. But it only has the top 3 taxa. Columns only sum to ~85-95%. Hence, I did not try to estimate insect only production.",NA,NA,NA,39,AFDM,g,7777.777777777778,NA,NA,NA,NA,NA,NA
46,Grubaugh_EtAl_1997_LittleTennesseeRiver_R1,-83.4,35.06,"table 7 has some taxonomic info in terms of relative contribution to production. But it only has the top 3 taxa. Columns only sum to ~85-95%. Hence, I did not try to estimate insect only production.",NA,NA,NA,40,AFDM,g,24444.444444444445,NA,NA,NA,NA,NA,NA
46,Grubaugh_EtAl_1997_LittleTennesseeRiver_R2,-83.4,35.06,"table 7 has some taxonomic info in terms of relative contribution to production. But it only has the top 3 taxa. Columns only sum to ~85-95%. Hence, I did not try to estimate insect only production.",NA,NA,NA,41,AFDM,g,171111.11111111112,NA,NA,NA,NA,NA,NA
46,Grubaugh_EtAl_1997_LittleTennesseeRiver_R3,-83.4,35.06,"table 7 has some taxonomic info in terms of relative contribution to production. But it only has the top 3 taxa. Columns only sum to ~85-95%. Hence, I did not try to estimate insect only production.",NA,NA,NA,42,AFDM,g,134444.44444444444,NA,NA,NA,NA,NA,NA
197,Mortensen_Simonsen_1983_BisballeBaek,9.333,56.367,"mean annual standing stock (not production, despite the title)",NA,NA,Table 1,43,AFDM,g,7111.111111111111,5111.111111111111,111.11111111111111,222.22222222222223,2444.4444444444443,666.6666666666667,1555.5555555555557
155,Woodward_EtAl_2005_Broadstone,0.05,51.083,NA,NA,NA,Table 5,44,DM,g,4600,3600,1,895,770,1435,512
111,Venarsky_EtAl_2014_Hering,-85.98,34.79,Cave System. Added crayfish production (table 2) to non-crayfish macroinvertebrate production (table 4),NA,NA,"Tables 2, 4",45,AFDM,g,166.66666666666669,NA,NA,NA,NA,NA,NA
112,Venarsky_EtAl_2014_Limrock,-85.98,34.79,Cave System. Added crayfish production (table 2) to non-crayfish macroinvertebrate production (table 4),NA,NA,"Tables 2, 4",46,AFDM,g,300,NA,NA,NA,NA,NA,NA
113,Venarsky_EtAl_2014_TonySinks,-85.98,34.79,Cave System. Added crayfish production (table 2) to non-crayfish macroinvertebrate production (table 4),NA,NA,"Tables 2, 4",47,AFDM,g,2000,NA,NA,NA,NA,NA,NA
79,McCutchan_Lewis_2002_Alpine_9495,-105.63,40.23,"1994 to 1995: ""Other taxa"" in Appendix 1...not clear if that is only insects or not. It was left out",NA,NA,Appendix Table 1/ Table 2,48,DM,mg,5780,NA,1810,407,711,1736,104
79,McCutchan_Lewis_2002_Alpine_9596,-105.63,40.23,"1995 to 1996: ""Other taxa"" in Appendix 1...not clear if that is only insects or not. It was left out",NA,NA,Appendix Table 1/ Table 2,49,DM,mg,4710,NA,1353,545,86,1056,253
80,McCutchan_Lewis_2002_Foothills_9495,-105.44,40.21,"1994 to 1995: ""Other taxa"" in Appendix 1...not clear if that is only insects or not. It was left out",NA,NA,Appendix Table 1/ Table 2,50,DM,mg,1210,NA,2980,592,5297,1358,602
80,McCutchan_Lewis_2002_Foothills_9596,-105.44,40.21,"1995 to 1996: ""Other taxa"" in Appendix 1...not clear if that is only insects or not. It was left out",NA,NA,Appendix Table 1/ Table 2,51,DM,mg,1010,NA,3759,1263,1978,817,1187
81,McCutchan_Lewis_2002_Montane_9495,-105.52,40.21,"1994 to 1995: ""Other taxa"" in Appendix 1...not clear if that is only insects or not. It was left out",NA,NA,Appendix Table 1/ Table 2,52,DM,mg,8110,NA,2859,547,1832,941,947
81,McCutchan_Lewis_2002_Montane_9596,-105.52,40.21,"1995 to 1996: ""Other taxa"" in Appendix 1...not clear if that is only insects or not. It was left out",NA,NA,Appendix Table 1/ Table 2,53,DM,mg,6340,NA,2378,689,628,838,651
82,McCutchan_Lewis_2002_Subalpine_9495,-105.63,40.21,"1994 to 1995: ""Other taxa"" in Appendix 1...not clear if that is only insects or not. It was left out",NA,NA,Appendix Table 1/ Table 2,54,DM,mg,4710,NA,729,749,255,1421,894
82,McCutchan_Lewis_2002_Subalpine_9596,-105.63,40.21,"1995 to 1996: ""Other taxa"" in Appendix 1...not clear if that is only insects or not. It was left out",NA,NA,Appendix Table 1/ Table 2,55,DM,mg,3330,NA,666,507,249,1090,450
28,Entrekin_EtAl_2009_ShaneCreek_AfterWood_yr1,-88.9,46.47,Entrekin et al. (2007) J.N.Am.Benthol.Soc. has similar data. Did not include those to avoid redundancy.,2.4,NA,Figure 2,56,AFDM,g,1000,NA,NA,NA,NA,NA,NA
28,Entrekin_EtAl_2009_ShaneCreek_AfterWood_yr2,-88.9,46.47,NA,2.5,NA,Figure 2,57,AFDM,g,1666.6666666666667,NA,NA,NA,NA,NA,NA
28,Entrekin_EtAl_2009_ShaneCreek_AfterWood_yr3,-88.9,46.47,NA,2.5,NA,Figure 2,58,AFDM,g,1222.2222222222222,NA,NA,NA,NA,NA,NA
30,Entrekin_EtAl_2009_StateCreek_AfterWood_yr1,-88.9,46.42,Entrekin et al. (2007) J.N.Am.Benthol.Soc. has similar data. Did not include those to avoid redundancy.,2.1,NA,Figure 2,59,AFDM,g,3444.444444444445,NA,NA,NA,NA,NA,NA
30,Entrekin_EtAl_2009_StateCreek_AfterWood_yr2,-88.9,46.42,NA,2.3,NA,Figure 2,60,AFDM,g,1777.7777777777778,NA,NA,NA,NA,NA,NA
30,Entrekin_EtAl_2009_StateCreek_AfterWood_yr3,-88.9,46.42,NA,2.3,NA,Figure 2,61,AFDM,g,3000,NA,NA,NA,NA,NA,NA
32,Entrekin_EtAl_2009_WaltonCreek_AfterWood_yr1,-88.9,46.44,Entrekin et al. (2007) J.N.Am.Benthol.Soc. has similar data. Did not include those to avoid redundancy.,1.8,NA,Figure 2,62,AFDM,g,1222.2222222222222,NA,NA,NA,NA,NA,NA
32,Entrekin_EtAl_2009_WaltonCreek_AfterWood_yr2,-88.9,46.44,NA,2.4,NA,Figure 2,63,AFDM,g,1444.4444444444446,NA,NA,NA,NA,NA,NA
32,Entrekin_EtAl_2009_WaltonCreek_AfterWood_yr3,-88.9,46.44,NA,2.4,NA,Figure 2,64,AFDM,g,1000,NA,NA,NA,NA,NA,NA
9,Chadwick_Huryn_2005_EBB_Yr1,-68.13,44.89,NA,NA,NA,"Results paragraph, first sentence",65,AFDM,mg,1868.888888888889,1809.3333333333335,0.24444444444444446,572.6666666666666,543,270.41111111111115,NA
10,Chadwick_Huryn_2005_EBB_Yr2,-68.13,44.89,NA,NA,NA,"Results paragraph, first sentence",66,AFDM,mg,2523.3333333333335,2396,1.5777777777777777,747.3333333333334,693.7777777777778,262.81111111111113,NA
11,Chadwick_Huryn_2005_WBB_N_Yr1,-68.14,44.88,NA,NA,NA,"Results paragraph, first sentence",67,AFDM,mg,1837.7777777777778,1748.777777777778,0,627,851.3333333333334,268.1888888888889,NA
12,Chadwick_Huryn_2005_WBB_N_Yr2,-68.14,44.88,NA,NA,NA,"Results paragraph, first sentence",68,AFDM,mg,2536.666666666667,2356.333333333333,0.12222222222222223,783.3333333333334,671.5555555555555,246.8444444444444,NA
131,Chadwick_Huryn_2007_EU,-68.12,44.88,"Taxa-specific results are given in appendix. But it is not clear if the values are habitat-weighted. Hence, they were not entered here.",NA,NA,"pg244, 3rd paragraph",69,AFDM,g,1866.6666666666667,NA,NA,NA,NA,NA,NA
13,Chadwick_Huryn_2007_BB,-68.12,44.88,"Taxa-specific results are given in appendix. But it is not clear if the values are habitat-weighted. Hence, they were not entered here.",NA,NA,"pg244, 3rd paragraph",70,AFDM,g,2222.222222222222,NA,NA,NA,NA,NA,NA
14,Chadwick_Huryn_2007_ED,-68.12,44.88,"Taxa-specific results are given in appendix. But it is not clear if the values are habitat-weighted. Hence, they were not entered here.",NA,NA,"pg244, 3rd paragraph",71,AFDM,g,2433.3333333333335,NA,NA,NA,NA,NA,NA
15,Chadwick_Huryn_2007_SWP,-68.1,44.88,"Taxa-specific results are given in appendix. But it is not clear if the values are habitat-weighted. Hence, they were not entered here.",NA,NA,"pg244, 3rd paragraph",72,AFDM,g,3211.1111111111113,NA,NA,NA,NA,NA,NA
16,Chadwick_Huryn_2007_WD,-68.12,44.88,"Taxa-specific results are given in appendix. But it is not clear if the values are habitat-weighted. Hence, they were not entered here.",NA,NA,"pg244, 3rd paragraph",73,AFDM,g,2322.222222222222,NA,NA,NA,NA,NA,NA
17,Chadwick_Huryn_2007_WU,-68.14,44.88,"Taxa-specific results are given in appendix. But it is not clear if the values are habitat-weighted. Hence, they were not entered here.",NA,NA,"pg244, 3rd paragraph",74,AFDM,g,1833.3333333333335,NA,NA,NA,NA,NA,NA
41,Georgian_Wallace_1983_LowerShopeFork,-83.43,35.06,"Did not enter. the abstract says 1195 mg AFDM m2 y1, but that appears to be based only on the ""top 6 most abundant"" taxa. It's not clear what percentage of total mass that those top 6 taxa comprise. If they make up less than ~ 95%, then the total annual production is likely not reliable.",5.5,NA,NA,75,NA,NA,NA,NA,NA,NA,NA,NA,NA
75,Junker_Cross_2014_WestBlacktailDeerCreek,-112.25,44.76,"In Table 1, only insects are listed. There is an ""other"" category that has 77 mg AFDM m2 y1. That amount is included in the total here. in other words, I assumed that all community production = all insect production.",3.5,NA,Table 1,76,AFDM,mg,8442.222222222223,8442.222222222223,3137.777777777778,931.1111111111112,357.77777777777777,505.5555555555556,3483.3333333333335
35,Fisher_Gray_1983_SycamoreCreek,-111.5,33.75,"Did not enter. The data are for collectors only. They do have a table with annual prod for total benthos from other studies. Need to check if we already include those studies, though.",NA,NA,NA,77,NA,NA,NA,NA,NA,NA,NA,NA,NA
186,Hopkins_1976_HorokiwiStream_Gyton_Open,174.9,-41.1,No Insect production reported,NA,NA,NA,78,DM,g,11930,NA,NA,NA,NA,NA,NA
187,Hopkins_1976_HorokiwiStream_Bush_Shaded,174.9,-41.1,No Insect production reported,NA,NA,NA,79,DM,g,5490,NA,NA,NA,NA,NA,NA
188,Hopkins_1976_HorokiwiStream_Lower_Open,174.9,-41.1,No Insect production reported,NA,NA,NA,80,DM,g,10270,NA,NA,NA,NA,NA,NA
189,Hopkins_1976_HinauStream_NorthBranch_Open,175.483,-40.967,No Insect production reported,NA,NA,NA,81,DM,g,1640,NA,NA,NA,NA,NA,NA
190,Hopkins_1976_HinauStream_SouthBranch_Closed,175.483,-40.967,No Insect production reported,NA,NA,NA,82,DM,g,840,NA,NA,NA,NA,NA,NA
191,Hopkins_1976_HinauStream_Main_OrgEnrich,175.483,-40.967,No Insect production reported,NA,NA,NA,83,DM,g,1610,NA,NA,NA,NA,NA,NA
61,Johnson_EtAl_2013_AshRun,-81.1,38.29,Chironomid values are actually nematoceran article; Paper derives benthic production from emergence; Data extracted from Figure 2 using https://apps.automeris.io/wpd/;,NA,NA,NA,84,AFDM,g,20666.666666666668,20666.666666666668,2444.4444444444443,9666.666666666668,NA,8555.555555555557,NA
62,Johnson_EtAl_2013_BucklesRun,-81.19,38.23,Chironomid values are actually nematoceran article; Paper derives benthic production from emergence; Data extracted from Figure 2 using https://apps.automeris.io/wpd/;,NA,NA,NA,85,AFDM,g,73444.44444444445,73444.44444444445,NA,7777.777777777778,NA,65666.66666666667,NA
65,Johnson_EtAl_2013_HardwayRun,-81.04,38.3,Chironomid values are actually nematoceran article; Paper derives benthic production from emergence; Data extracted from Figure 2 using https://apps.automeris.io/wpd/;,NA,NA,NA,86,AFDM,g,19888.88888888889,19888.88888888889,NA,4555.555555555556,NA,15333.333333333334,NA
67,Johnson_EtAl_2013_JackRun,-81.12,38.28,Chironomid values are actually nematoceran article; Paper derives benthic production from emergence; Data extracted from Figure 2 using https://apps.automeris.io/wpd/;,NA,NA,NA,87,AFDM,g,30555.55555555556,30555.55555555556,8555.555555555557,8777.777777777777,NA,13222.222222222223,NA
68,Johnson_EtAl_2013_LaurelRun,-81.11,38.3,Chironomid values are actually nematoceran article; Paper derives benthic production from emergence; Data extracted from Figure 2 using https://apps.automeris.io/wpd/;,NA,NA,NA,88,AFDM,g,23888.88888888889,23888.88888888889,4777.777777777778,6111.111111111111,NA,13000,NA
70,Johnson_EtAl_2013_NeilRun,-81.08,38.29,Chironomid values are actually nematoceran article; Paper derives benthic production from emergence; Data extracted from Figure 2 using https://apps.automeris.io/wpd/;,NA,NA,NA,89,AFDM,g,22888.88888888889,22888.88888888889,4777.777777777778,4333.333333333334,NA,13777.77777777778,NA
71,Johnson_EtAl_2013_PetersRun,-81.04,38.3,Chironomid values are actually nematoceran article; Paper derives benthic production from emergence; Data extracted from Figure 2 using https://apps.automeris.io/wpd/;,NA,NA,NA,90,AFDM,g,14222.222222222223,14222.222222222223,2555.5555555555557,4222.222222222223,NA,7444.444444444444,NA
73,Johnson_EtAl_2013_SugarcampRun,-81.03,38.31,Chironomid values are actually nematoceran article; Paper derives benthic production from emergence; Data extracted from Figure 2 using https://apps.automeris.io/wpd/;,NA,NA,NA,91,AFDM,g,58555.555555555555,58555.555555555555,NA,NA,NA,51555.555555555555,7000
136,Johnson_EtAl_2013_Beech,-81.049,38.319,Chironomid values are actually nematoceran article; Paper derives benthic production from emergence; Data extracted from Figure 2 using https://apps.automeris.io/wpd/;,NA,NA,NA,92,AFDM,g,12111.111111111111,12111.111111111111,NA,1444.4444444444446,NA,10666.666666666668,NA
137,Johnson_EtAl_2013_Lost,-81.038,38.321,Chironomid values are actually nematoceran article; Paper derives benthic production from emergence; Data extracted from Figure 2 using https://apps.automeris.io/wpd/;,NA,NA,NA,93,AFDM,g,1666.6666666666667,1666.6666666666667,NA,444.44444444444446,NA,1222.2222222222222,NA
144,Hall_EtAl_2006_FireholeRiver_Riffle,-110.835,44.561,NA,NA,NA,NA,94,AFDM,mg,63796.66666666667,12308.888888888889,837.7777777777778,31.111111111111114,4460,4114.444444444444,2865.5555555555557
145,Hall_EtAl_2006_FireholeRiver_Vegetated,-110.836,44.562,NA,NA,NA,NA,95,AFDM,mg,190384.44444444447,8603.333333333334,487.77777777777777,14.444444444444445,985.5555555555555,5146.666666666667,1968.888888888889
146,Hall_EtAl_2006_PolecatCreek,-110.687,44.11,NA,NA,NA,NA,96,AFDM,mg,232823.33333333334,8844.444444444445,1676.6666666666667,284.44444444444446,1328.888888888889,2636.666666666667,2917.777777777778
147,Hall_EtAl_2006_GibbonRiver,-110.855,44.641,NA,NA,NA,NA,97,AFDM,mg,31942.222222222223,4387.777777777778,426.6666666666667,641.1111111111111,1512.2222222222224,956.6666666666667,851.1111111111112
21,Cross_EtAl_2013_ColoradoRiver_Site2,-111.85,36.5,Average of three sampled years,NA,NA,NA,98,AFDM,g,8852.444444444445,8146.333333333334,0,0,500.4444444444445,1225.7777777777778,6420.111111111112
22,Cross_EtAl_2013_ColoradoRiver_Site3,-111.81,36.17,Average of three sampled years,NA,NA,NA,99,AFDM,g,1458.8518522222223,1117.1851855555558,0,0,193.81481477777777,609.9629630000001,313.4074074444445
23,Cross_EtAl_2013_ColoradoRiver_Site4,-112.49,36.28,Average of three sampled years,NA,NA,NA,100,AFDM,g,1123.5925922222223,1088.1851852222223,0,0,19.85185185555556,486.44444444444446,581.8888888888889
24,Cross_EtAl_2013_ColoradoRiver_Site5,-112.85,36.72,Average of three sampled years,NA,NA,NA,101,AFDM,g,1689.481481111111,1408.407407777778,0.7777777777777778,0,63.592592588888884,705.074074111111,638.962963
25,Cross_EtAl_2013_ColoradoRiver_Site6,-113.36,35.77,Average of three sampled years,NA,NA,NA,102,AFDM,g,1563.3333333333335,1300.7037033333334,0,0,65.92592592222223,639.6296296666667,595.1481481111111
4,Carlisle_Clements_2003_HighZinc_Snake,-105.86,39.57,NA,NA,NA,NA,103,DM,mg,39,39,0,11,5,14,9
5,Carlisle_Clements_2003_IntermediateZinc_Mosquito,-106.07,39.27,NA,NA,NA,NA,104,DM,mg,1716,1716,1127,228,303,2,56
6,Carlisle_Clements_2003_LowZinc_Buckskin,-106.07,39.28,NA,NA,NA,NA,105,DM,mg,2284,2284,1293,383,321,257,30
7,Carlisle_Clements_2003_Reference1_EastFork,-106.21,39.35,NA,NA,NA,NA,106,DM,mg,4465,4465,1770,1102,973,469,151
8,Carlisle_Clements_2003_Reference2_FourMile,-106.08,39.2,NA,NA,NA,NA,107,DM,mg,5196,5196,3002,862,526,767,39
114,Wallace_EtAl_1995_DDP,-83.45,35.05,Insect production not reported; Cambarus (crayfish) production divided equally among the functional feeding groups,NA,NA,NA,108,AFDM,mg,4947.777777777778,NA,NA,NA,NA,NA,NA
115,Wallace_EtAl_1995_DDT,-83.45,35.05,Insect production not reported; Cambarus (crayfish) production divided equally among the functional feeding groups,NA,NA,NA,109,AFDM,mg,13242.222222222223,NA,NA,NA,NA,NA,NA
116,Wallace_EtAl_1995_RP,-83.45,35.04,Insect production not reported; Cambarus (crayfish) production divided equally among the functional feeding groups,NA,NA,NA,110,AFDM,mg,5788.88888888889,NA,NA,NA,NA,NA,NA
117,Wallace_EtAl_1995_RT,-83.45,35.04,Insect production not reported; Cambarus (crayfish) production divided equally among the functional feeding groups,NA,NA,NA,111,AFDM,mg,10258.888888888889,NA,NA,NA,NA,NA,NA
149,Krueger_Waters_1983_CaribouRiver,-91.037,47.574,wet mass,4.5,NA,NA,112,WM,g,6500,4212,1188,618,848,NA,NA
150,Krueger_Waters_1983_NorthBranchCreek,-92.561,46.618,wet mass,6,NA,NA,113,WM,g,26480,22468.4,2904,400,7494.4000000000005,NA,NA
151,Krueger_Waters_1983_BlackhoofRiver,-92.531,43.662,wet mass,5.5,NA,NA,114,WM,g,15620,8558,980,1136.8,3170.2000000000003,NA,NA
167,Colon-Gaud_EtAl_2009_ElCope_Site1,-80.583,8.667,habitat weighted production (?),3.28,NA,Web Appendix 1.,115,AFDM,mg,3440.5555555555557,3219.888888888889,316.77777777777783,24.222222222222225,682.8888888888889,NA,NA
168,Colon-Gaud_EtAl_2009_ElCope_Site2,-80.583,8.667,NA,3.55,NA,Web Appendix 1.,116,AFDM,mg,4854.888888888889,4546,319.1111111111111,4.666666666666667,602.4444444444446,NA,NA
169,Colon-Gaud_EtAl_2009_Fortuna_Site1,-80.233,8.7,NA,3.37,NA,Web Appendix 1.,117,AFDM,mg,4048.666666666667,3895.1111111111113,637.8888888888889,184.22222222222226,340.11111111111114,NA,NA
170,Colon-Gaud_EtAl_2009_Fortuna_Site2,-80.233,8.7,NA,2.01,NA,Web Appendix 1.,118,AFDM,mg,4287.111111111111,3823.5555555555557,448.11111111111114,2.7777777777777777,1278.5555555555557,NA,NA
78,Leland_EtAl_1986_ConvictCreek,-118.83,37.61,NA,NA,NA,Table 3,119,DM,g,4465,4465,1472,266,2377,120,NA
83,Miller_1985_Site1,-79.51,37.9,"From article: ""Production estimates obtained by multiplying an assumed annual turnover ratio by average standing biomass are indicated by (t). All others were calculated using the size-frequency method.""",3,NA,"Tables 2,3,4,5",120,DM,g,1810,840,170,440,50,NA,NA
84,Miller_1985_Site2,-79.5,37.92,"From article: ""Production estimates obtained by multiplying an assumed annual turnover ratio by average standing biomass are indicated by (t). All others were calculated using the size-frequency method.""",5.3,NA,"Tables 2,3,4,5",121,DM,g,12460,11920,740,740,9740,NA,NA
85,Miller_1985_Site3,-79.48,37.94,"From article: ""Production estimates obtained by multiplying an assumed annual turnover ratio by average standing biomass are indicated by (t). All others were calculated using the size-frequency method.""",6.1,NA,"Tables 2,3,4,5",122,DM,g,9520,8160,580,290,6620,NA,NA
86,Miller_1985_Site4,-79.47,37.95,"From article: ""Production estimates obtained by multiplying an assumed annual turnover ratio by average standing biomass are indicated by (t). All others were calculated using the size-frequency method.""",5.6,NA,"Tables 2,3,4,5",123,DM,g,5540,3980,880,320,2240,NA,NA
87,Miller_1985_SitePB,-79.49,37.93,"From article: ""Production estimates obtained by multiplying an assumed annual turnover ratio by average standing biomass are indicated by (t). All others were calculated using the size-frequency method.""",2.9,NA,"Tables 2,3,4,5",124,DM,g,3810,1290,130,790,0,NA,NA
158,Anderson_Rosemond_2007_Forested,-67.655,-55.076,NA,NA,NA,NA,125,AFDM,mg,286.55555555555554,NA,NA,NA,NA,NA,NA
159,Anderson_Rosemond_2007_BeaverPond,-67.655,-55.076,Measures beaver impact.,NA,NA,NA,126,AFDM,mg,960.1111111111112,NA,NA,NA,NA,NA,NA
160,Anderson_Rosemond_2007_Downstream,-67.655,-55.076,Measures beaver impact.,NA,NA,NA,127,AFDM,mg,492.5555555555556,NA,NA,NA,NA,NA,NA
138,Lugthart_Wallace_1992_CoweetaCatchment53_Yr1,-83.46,35.035,Yr1: before pesticide,NA,NA,NA,128,AFDM,g,15544.444444444445,12600,344.44444444444446,1200,3255.5555555555557,NA,NA
139,Lugthart_Wallace_1992_CoweetaCatchment54_Yr1,-83.466,35.035,Yr2: after pesticide,NA,NA,NA,129,AFDM,g,12766.666666666668,10977.777777777777,700,2455.5555555555557,2055.5555555555557,NA,NA
140,Lugthart_Wallace_1992_CoweetaCatchment54_Yr2,-83.466,35.035,Yr2: after pesticide,NA,NA,NA,130,AFDM,g,4888.888888888889,2211.1111111111113,NA,NA,88.88888888888889,NA,NA
141,Lugthart_Wallace_1992_CoweetaCatchment55_Yr1,-83.457,35.049,Yr1: before pesticide,NA,NA,NA,131,AFDM,g,9844.444444444445,8455.555555555557,500,1855.5555555555557,1766.6666666666667,NA,NA
142,Lugthart_Wallace_1992_CoweetaCatchment55_Yr2,-83.457,35.049,Yr2: after pesticide,NA,NA,NA,132,AFDM,g,11222.222222222223,9400,122.22222222222223,1200,1900,NA,NA
97,Shieh_EtAl_2003_CacheLaPoudreRiver_Site4,-105,40.54,"Specific taxon production is available in Table 3 but only for ""first three dominant taxa"", and listed only by percentage of total production and thus can't be used. Data also available for Sites 1-3, but these correspond well with data from Shieh et al. 2002 also in this dataset, so not duplicated here. Data extracted from figure using WebPlot Digitizer (https://apps.automeris.io/wpd/).",NA,NA,Fig 1,133,AFDM,g,53777.77777777778,NA,NA,NA,NA,NA,NA
98,Shieh_EtAl_2003_CacheLaPoudreRiver_Site5,-104.99,40.53,"Specific taxon production is available in Table 3 but only for ""first three dominant taxa"", and listed only by percentage of total production and thus can't be used. Data also available for Sites 1-3, but these correspond well with data from Shieh et al. 2002 also in this dataset, so not duplicated here. Data extracted from figure using WebPlot Digitizer (https://apps.automeris.io/wpd/).",NA,NA,Fig 1,134,AFDM,g,58000,NA,NA,NA,NA,NA,NA
99,Shieh_EtAl_2003_CacheLaPoudreRiver_Site6,-104.98,40.51,"Specific taxon production is available in Table 3 but only for ""first three dominant taxa"", and listed only by percentage of total production and thus can't be used. Data also available for Sites 1-3, but these correspond well with data from Shieh et al. 2002 also in this dataset, so not duplicated here. Data extracted from figure using WebPlot Digitizer (https://apps.automeris.io/wpd/).",NA,NA,Fig 1,135,AFDM,g,35555.555555555555,NA,NA,NA,NA,NA,NA
26,Ely_Wallace_2010_BigHurricaneBranch_Disturbed,-83.43,35.06,Only lists total production and production by FFG. Coweeta LTER.,NA,59 ha,Table 2,136,AFDM,mg,11234.444444444445,NA,NA,NA,NA,NA,NA
27,Ely_Wallace_2010_HughWhiteCreek_Reference,-83.43,35.05,Only lists total production and production by FFG. Coweeta LTER.,NA,61 ha,Table 2,137,AFDM,mg,10306.666666666668,NA,NA,NA,NA,NA,NA
103,Stone_Wallace_1998_BigHurricaneBranch_CatchC7,-83.43,35.06,"Coweeta LTER. FFG by habitat and overall as well, but cannot parse species or order information from this. Assuming column names in table are in error (""Disturbed: Reference"" should be ""Disturbed: Depositional"" and ""Habitat-weighted: Depositional"" should be ""Habitat-weighted: Disturbed"".",NA,59.5 ha,Table 4,138,AFDM,mg,4847.777777777778,NA,NA,NA,NA,NA,NA
104,Stone_Wallace_1998_HughWhiteCreek_CatchC14,-83.43,35.05,"Coweeta LTER. FFG by habitat and overall as well, but cannot parse species or order information from this. Assuming column names in table are in error (""Disturbed: Reference"" should be ""Disturbed: Depositional"" and ""Habitat-weighted: Depositional"" should be ""Habitat-weighted: Disturbed"".",NA,61.1 ha,Table 4,139,AFDM,mg,9234.444444444445,NA,NA,NA,NA,NA,NA
100,Smock_EtAl_1992_BuzzardsBranch,-77.09,37.14,"Specific taxon production is available in Table 1 but broken up by small habitat sub portions in a way that can't be used here. Only used data from in channel, on surface (not floodplain nor hyporheic).",2.5,NA,Fig 4,140,DM,g,5600,NA,NA,NA,NA,NA,NA
101,Smock_EtAl_1992_ColliersCreek,-77.03,37.11,"Specific taxon production is available in Table 1 but broken up by small habitat sub portions in a way that can't be used here. Only used data from in channel, on surface (not floodplain nor hyporheic).",3,NA,Fig 5,141,DM,g,6200,NA,NA,NA,NA,NA,NA
89,Robinson_Minshall_1998_BirchCreek,-112.88,44.11,Lists width as 8-12 m. otherSp is only Coleoptera. Only insects were considered in this study.,10,NA,Table 3,142,DM,g,NA,45400,6671,1950,6010,NA,5440
90,Robinson_Minshall_1998_LittleLostRiver,-113.21,44,Lists width as 5-10 m. otherSp is only Coleoptera. Only insects were considered in this study.,7.5,NA,Table 3,143,DM,g,NA,74200,8770,2250,3730,NA,270
66,Johnson_EtAl_2013_HartsRun,-85.62,37.87,"Backed out production from available data on 5 most dominant taxa, along with % these 5 taxa contribute to overall production. Results of this approach are robust upon verification and match Fig. 4.",4.5,7.3,Table 2,144,AFDM,mg,12838.888888888889,NA,NA,NA,NA,NA,NA
74,Johnson_EtAl_2013_WilsonCreek,-85.75,38.12,"Backed out production from available data on 5 most dominant taxa, along with % these 5 taxa contribute to overall production. Results of this approach are robust upon verification and match Fig. 4.",4.8,14.8,Table 2,145,AFDM,mg,12804.444444444445,NA,NA,NA,NA,NA,NA
72,Johnson_EtAl_2013_SinkingCreek,-86.29,37.81,"Backed out production from available data on 5 most dominant taxa, along with % these 5 taxa contribute to overall production. Results of this approach are robust upon verification and match Fig. 4.",5.6,5.3,Table 2,146,AFDM,mg,24260,NA,NA,NA,NA,NA,NA
69,Johnson_EtAl_2013_LittleGooseCreek,-85.61,38.31,"Backed out production from available data on 5 most dominant taxa, along with % these 5 taxa contribute to overall production. Results of this approach are robust upon verification and match Fig. 4.",6.3,15,Table 2,147,AFDM,mg,13784.444444444445,NA,NA,NA,NA,NA,NA
64,Johnson_EtAl_2013_GooseCreek,-85.56,38.27,"Backed out production from available data on 5 most dominant taxa, along with % these 5 taxa contribute to overall production. Results of this approach are robust upon verification and match Fig. 4.",5.9,3.1,Table 2,148,AFDM,mg,18874.444444444445,NA,NA,NA,NA,NA,NA
63,Johnson_EtAl_2013_ChenowethRun,-85.56,38.2,"Backed out production from available data on 5 most dominant taxa, along with % these 5 taxa contribute to overall production. Results of this approach are robust upon verification and match Fig. 4.",3.6,4.3,Table 2,149,AFDM,mg,6833.333333333334,NA,NA,NA,NA,NA,NA
102,Stagliano_Whiles_2002_KingsCreek,-96.58,39.08,"Also includes Coleoptera, Megaloptera, and Odonata data, in addition to many non-insect groups. Chironomidae from summing subfamilies in Tables 4, 5.",1.6,134 ha,"Tables 3, 4, 5",150,AFDM,mg,21888.88888888889,18644,3406.3333333333335,499.3333333333333,1761.5555555555557,4888.888888888889,NA
152,Smock_EtAl_1985_CedarCreek_Upstream,-80.833,34.016,"Specific taxon production is available in Table 2 but only for ""major taxa"" only, which are ~half or less of total production and thus can't be used..",NA,NA,Table,151,DM,mg,4106,NA,NA,NA,NA,NA,NA
153,Smock_EtAl_1985_CedarCreek_Swamp,-80.829,33.973,"Specific taxon production is available in Table 2 but only for ""major taxa"" only, which are ~half or less of total production and thus can't be used..",NA,NA,Table 5,152,DM,mg,3093,NA,NA,NA,NA,NA,NA
154,Smock_EtAl_1985_CedarCreek_Downstream,-80.823,33.941,"Specific taxon production is available in Table 2 but only for ""major taxa"" only, which are ~half or less of total production and thus can't be used..",NA,NA,Table 5,153,DM,mg,1962,NA,NA,NA,NA,NA,NA
220,Tod_SchmidAraya_2009_Rover_Lambourn_Macrophyte,-1.35,51.425,Lists width as 3-6 m.,4.5,NA,Table 5,154,DM,g,64989.99999999999,31860,2300,6,15420,980,NA
221,Tod_SchmidAraya_2009_Rover_Lambourn_Gravel,-1.35,51.425,Lists width as 3-6 m.,4.5,NA,"Tables 1, 2",155,DM,g,22550,9950,1030,830,3040,360,NA
34,Fisher_1977_FortRiver,-72.51,42.35,NA,14,105,Table 2,156,DM,g,3320,NA,NA,NA,NA,NA,NA
129,Whiting_EtAl_2011_KingsCreek_Grass,-96.58,39.08,Only lists coordinates for general study area.,0.7,0.55000000000000004,Table 4,157,AFDM,mg,35404.444444444445,NA,NA,NA,NA,NA,NA
130,Whiting_EtAl_2011_KingsCreek_Shrub,-96.58,39.09,Only lists coordinates for general study area.,0.9,1.34,Table 4,158,AFDM,mg,10128.888888888889,NA,NA,NA,NA,NA,NA
128,Whiting_EtAl_2011_KingsCreek_GalleryForest,-96.61,39.11,Only lists coordinates for general study area.,1.6,10.59,Table 4,159,AFDM,mg,18916.666666666668,NA,NA,NA,NA,NA,NA
179,Hannesdottir_EtAl_2013_HengladalsaRiverTributary_SiteIS11,-21.3,64.05,Only lists coordinates for general study area. Data extracted from figure using WebPlot Digitizer (https://apps.automeris.io/wpd/).,NA,NA,Fig 16,160,DM,mg,2472,NA,NA,NA,NA,NA,NA
180,Hannesdottir_EtAl_2013_HengladalsaRiverTributary_SiteIS7,-21.3,64.05,Only lists coordinates for general study area. Data extracted from figure using WebPlot Digitizer (https://apps.automeris.io/wpd/),NA,NA,Fig 16,161,DM,mg,4680,NA,NA,NA,NA,NA,NA
181,Hannesdottir_EtAl_2013_HengladalsaRiverTributary_SiteIS9,-21.3,64.05,Only lists coordinates for general study area. Data extracted from figure using WebPlot Digitizer (https://apps.automeris.io/wpd/),NA,NA,Fig 16,162,DM,mg,2280,NA,NA,NA,NA,NA,NA
182,Hannesdottir_EtAl_2013_HengladalsaRiverTributary_SiteIS6,-21.3,64.05,Only lists coordinates for general study area. Data extracted from figure using WebPlot Digitizer (https://apps.automeris.io/wpd/),NA,NA,Fig 16,163,DM,mg,13817,NA,NA,NA,NA,NA,NA
183,Hannesdottir_EtAl_2013_HengladalsaRiverTributary_SiteIS1,-21.3,64.05,Only lists coordinates for general study area. Data extracted from figure using WebPlot Digitizer (https://apps.automeris.io/wpd/),NA,NA,Fig 16,164,DM,mg,16908,NA,NA,NA,NA,NA,NA
184,Hannesdottir_EtAl_2013_HengladalsaRiverTributary_SiteIS5,-21.3,64.05,Only lists coordinates for general study area. Data extracted from figure using WebPlot Digitizer (https://apps.automeris.io/wpd/),NA,NA,Fig 16,165,DM,mg,29526,NA,NA,NA,NA,NA,NA
133,Edwards_EtAl_1989_StClaire_MainChannel,-82.508,42.674,"Width is probably a lower bound. Text states ""The width of the SCDRS ranges from 250 m in the Upper St. Clair River to 3 000 m in the lower Detroit River.""",250,579000,Table 3,166,AFDM,g,8222.222222222223,NA,NA,NA,NA,NA,NA
134,Edwards_EtAl_1989_Detroit_MainChannel,-83.084,42.307,"Width is probably an upper bound. Text states ""The width of the SCDRS ranges from 250 m in the Upper St. Clair River to 3 000 m in the lower Detroit River.""",3000,598000,Table 3,167,AFDM,g,6000,NA,NA,NA,NA,NA,NA
135,Edwards_EtAl_1989_StLawrence_MainChannel,-75.889,44.366,NA,NA,766000,Table 3,168,AFDM,g,14888.888888888889,NA,NA,NA,NA,NA,NA
91,Shieh_EtAl_2002_CacheLaPoudreRiver_Site1,-105.08,40.59,NA,NA,NA,Table 4,169,AFDM,mg,28902.222222222223,NA,NA,NA,NA,NA,NA
92,Shieh_EtAl_2002_CacheLaPoudreRiver_Site2,-105.05,40.58,NA,NA,NA,Table 4,170,AFDM,mg,68547.77777777778,NA,NA,NA,NA,NA,NA
93,Shieh_EtAl_2002_CacheLaPoudreRiver_Site3,-105.03,40.57,NA,NA,NA,Table 4,171,AFDM,mg,56598.88888888889,NA,NA,NA,NA,NA,NA
